title,mag_url,add_date,upload
ngod-164  便利店总部的女人,magnet:?xt=urn:btih:CE3459AD7FDA5A367A9DE1F4850DC38C565CD69D,2022-01-09 18:51:41.840849,
SSIS-288 人妻的色气勾起了客人的欲情... 澡堂打工的人妻 奥田咲,magnet:?xt=urn:btih:F4C8E8BB5889D6DE6BDEEC77E74A26861402609F,2022-01-09 18:51:41.907862,
ssis-285 九州NO.1美体 新人写真偶像山手梨爱 人生初高潮三本番,magnet:?xt=urn:btih:41822FC985688EB3C387C5DFFA7DBDE074800F0F,2022-01-09 18:51:41.929365,
RKI-621 新·世界第一精液 大量发射的男人们的颜射SEX 川上奈奈美,magnet:?xt=urn:btih:216AF4A1E866B68D3A03220157C170DBB93E78B3,2022-01-09 18:51:41.951426,
SSIS-287 流口水 高潮脸 失禁 一并解放 三上悠亚的下流,magnet:?xt=urn:btih:F34DFA3E399780E9E9FE04D149B02B3A4A37E6DD,2022-01-09 18:51:41.966371,
STARS-503 射精依存治疗改善中心 苦于异常性欲的绝伦肉棒们 小仓由菜,magnet:?xt=urn:btih:6DB8D2FDFB2381E12FFC89E50125A6FC8B9E8631,2022-01-09 18:51:41.980374,
STARS-498 【被诈骗集团轮奸】【就职？梦想？未来？无所谓了】【喂 大叔 请射更多在里面吧】青空光,magnet:?xt=urn:btih:6B10FF6AEA1E7E6BCE6459EE0E64E7460F705B59,2022-01-09 18:51:41.994877,
blacked.16.11.11.lena.paul.4k 用大黑屌才能报仇雪恨,magnet:?xt=urn:btih:1DBBF89B0317904355D732A1EDEA10F90B7F3308,2022-01-09 18:51:42.077891,
DLDSS-020 夺走五感超高级旅馆的年轻老板娘 极乐接待 美乃雀,magnet:?xt=urn:btih:42ABDA53B550C52C7922243E6BA3E09D10B575CE,2022-01-09 18:51:42.092393,
DOCP-129 【相爱的夫妇想要留下的裸体照片】以此为题的杂志企划骗到了妻子 用假摄影会的NTR来验证！,magnet:?xt=urn:btih:4B2011F2B6D2C92B4C6E4A72A7608D4EE226FB92,2022-01-09 18:51:42.106396,
DVAJ-0093 画面痴汉OL 编南真由,magnet:?xt=urn:btih:96BE3CCA5CD5ED7EBA858A98482FC0A3F9A28DE7,2022-01-09 18:51:42.135401,
DV-1305 高难度抽插 奥田咲,magnet:?xt=urn:btih:5EA175DDA7B8CB44F9812CE2242B4338D31BE06E,2022-01-09 18:51:42.149904,
DV-1501 人间废弃 爱咲蕾拉,magnet:?xt=urn:btih:A87C040E379BB7D22AACA2F9E388D5E38D168750,2022-01-09 18:51:42.165907,
ebod-137 塞尔初荷斯坦 菅野沙雪,magnet:?xt=urn:btih:DFDD2A21A8DFA558AA8CA80376C8B2934737BBE4,2022-01-09 18:51:42.191411,
EBOD-149 I CUP专属新人 水咲花怜,magnet:?xt=urn:btih:79C45B4F0B508E3CF4F2829DC2FDCF65874C0B45,2022-01-09 18:51:42.206414,
EQ-239 后庭同学会 学生时代的情侣们的禁断映像流出,magnet:?xt=urn:btih:9D18C9A6673673B537AAD8CFB1DDCD680760806C,2022-01-09 18:51:42.229918,
FAA-145 在工作时袭来 高潮了也要忍耐不能出声 痉挛清洁员,magnet:?xt=urn:btih:12FADA3BDC2B3EAD671A8D609DF14F6F7D77251E,2022-01-09 18:51:42.244420,
FGAN-054 我专用的走光人偶 白咲佳奈,magnet:?xt=urn:btih:6CB3BD1E5369AD34ED015909581E2A055AACFF7B,2022-01-09 18:51:42.259423,
STARS-419 夏天的合宿 和橄榄球部共处一室... 两天一夜的连续高潮 新人女经理人 真白美生,magnet:?xt=urn:btih:9C43CE85C8F96B9414C928B1E3F6F16675E3AE14,2022-01-09 18:51:42.283927,
TPPN-213 色情蛇舌魔女的卑猥接吻性爱 淫乱欲求 极限性交 佐伯由美香,magnet:?xt=urn:btih:DDFA4CB2D62328D463F344F84A7D8233360B081A,2022-01-09 18:51:42.298430,
VAGU-163 近亲相奸中出SOAP 第一次去熟女风俗店 却发现是母亲 若槻蜜奈,magnet:?xt=urn:btih:4F2E65D9B35C8210C7D5605A227E32D2131D0F1D,2022-01-09 18:51:42.311933,
VEC-030 友人的母亲 青木玲,magnet:?xt=urn:btih:05B7084EB6F74C7022390FA5536DE010ECBAFA84,2022-01-09 18:51:42.336937,
VENX-069 突然到来 被老婆姐姐榨精的两天一夜,magnet:?xt=urn:btih:5B66E5662F00ED08FD341DF764CC72590E0FCA4F,2022-01-09 18:51:42.353440,
VEO-050 超喜欢AV 一周自慰七次 112cmJ CUP 国宝级巨乳 史上最强肉弹真正素人人妻 AV出道 大江瑞希,magnet:?xt=urn:btih:6A2CB3528922883329D94BFF24A179010DD4B5D2,2022-01-09 18:51:42.392446,
XRW-753 锁颈强奸 被恶魔之手盯上的女人们,magnet:?xt=urn:btih:13F59B3811DF44F6A34A254B468A247D9AA997BD,2022-01-09 18:51:42.408450,
XVSR-608 男性沙龙里的变态M女 最上一花,magnet:?xt=urn:btih:7861C09EAEFD87D2E4A598C8A281DE603BCF1BA1,2022-01-09 18:51:42.422952,
ipx-792 最喜欢的婚约者的哥哥 是以前侵犯我的跟踪狂 梓光,magnet:?xt=urn:btih:E2B3C4D309D64F02024FF066A76B3E345E5BE819,2022-01-09 18:51:42.437454,
YMDD-240 美人老板娘的超绝浓厚亲吻 附送中出SEX的温泉旅馆 白川柚子,magnet:?xt=urn:btih:ED18E80B183183B94ED9B3D6E1AEF1CB522B11D0,2022-01-09 18:51:42.452457,
BigNaturals.18.06.06.Lena.Paul.Rich.Girl.Gets.Greasy,magnet:?xt=urn:btih:8BB1AC0A0414C8335414E0DF30B763A2ACC79001,2022-01-09 18:51:42.467460,
ipx-790 美脚男性沙龙 地狱堕落催眠强奸 被我的肉棒玩弄最棒了吧？藤井伊由奈,magnet:?xt=urn:btih:A86EE771704B422839B5DA77D0D5A7BFD62BB9AA,2022-01-09 18:51:42.479963,
